year1,year2,coef_year1,coef_year2,std_err_year1,std_err_year2,t_stat_year1,t_stat_year2,p_value_year1,p_value_year2
1951,1970,0,0.0633739735416341,0,0.0288754741799071,0,2.194733604954363,1.0,0.0287456053000749
1952,1966,0,0.0519804726084547,0,0.0247473804677024,0,2.1004434257716222,1.0,0.0363138253545477
1952,1968,0,0.0607316807788658,0,0.0259440228892691,0,2.3408736971160145,1.0,0.0196783682902219
1952,1970,0,0.079102212527841,0,0.0282656238367174,0,2.7985305749765925,1.0,0.0053758021293143
1952,1971,0,0.0689510989495868,0,0.0265770300598814,0,2.594386912090292,1.0,0.0098066290061182
1952,1972,0,0.0580789742581662,0,0.0257088319622366,0,2.25910591128674,1.0,0.0244051692263101
1952,1973,0,0.0670796286270408,0,0.0261479949203676,0,2.5653832667219194,1.0,0.0106291774178244
1952,1974,0,0.0497091178972377,0,0.024303888387807,0,2.045315428710423,1.0,0.0414463669656713
1952,1975,0,0.0512079246149877,0,0.0248304994243729,0,2.062299422166414,1.0,0.0397341649988497
1952,1976,0,0.0618095252455054,0,0.0260374810861951,0,2.3738673123137235,1.0,0.0180582477207985
1952,1977,0,0.0556617720214951,0,0.0261735491231125,0,2.126642121008454,1.0,0.0339530276018339
1952,1999,0,0.0598979095080509,0,0.0249063573020142,0,2.404924525161565,1.0,0.0165176563383795
1952,2000,0,0.0588324107981722,0,0.0253513795605497,0,2.320678867106849,1.0,0.0207594850557286
1954,1970,0,0.0464906211049047,0,0.0223617829584131,0,2.079021211831128,1.0,0.038170134716633
1955,1968,0,0.0424685865769794,0,0.0203453206070559,0,2.087388417081568,1.0,0.037366987378562
1955,1970,0,0.0608391183259539,0,0.0221021198456814,0,2.7526372470485563,1.0,0.0061475839143563
1955,1971,0,0.0506880047476997,0,0.0208569044722191,0,2.4302745795865737,1.0,0.0154630861695306
1955,1973,0,0.0488165344251538,0,0.0204843313756284,0,2.3831158327790973,1.0,0.0175423051590918
1955,1976,0,0.0435464310436189,0,0.0204851531314465,0,2.125755700442932,1.0,0.0340557100474216
1955,1999,0,0.0416348153061638,0,0.0194476830375647,0,2.140862498928165,1.0,0.0327042454123402
1955,2000,0,0.0405693165962854,0,0.019928922032127,0,2.035700502560271,1.0,0.0423211883898533
1956,1966,0,0.0312536545384546,0,0.015639550553034,0,1.9983729348533936,1.0,0.0461762357145645
1956,1968,0,0.040004862708866,0,0.015991002761489,0,2.501710699794845,1.0,0.012631036014869
1956,1970,0,0.0583753944578407,0,0.0172893979565518,0,3.3763694146284227,1.0,0.0007863830672955
1956,1971,0,0.0482242808795867,0,0.0164127729098338,0,2.9382165429640885,1.0,0.0034367834073816
1956,1972,0,0.0373521561881663,0,0.0160649872391822,0,2.3250660353507797,1.0,0.0204333982672814
1956,1973,0,0.0463528105570407,0,0.0160731925486909,0,2.883858350892201,1.0,0.0040716528833422
1956,1975,0,0.0304811065449877,0,0.0153706300064922,0,1.9830746385875653,1.0,0.0478108436741405
1956,1976,0,0.0410827071755056,0,0.0161865173955194,0,2.5380819216169246,1.0,0.0114189630575222
1956,1977,0,0.0349349539514952,0,0.0159458621010733,0,2.190847614889623,1.0,0.0288307616061171
1956,1999,0,0.0391710914380511,0,0.0151763819854807,0,2.5810559773420416,1.0,0.0100613207242486
1956,2000,0,0.0381055927281724,0,0.0157259143513197,0,2.423108245211484,1.0,0.0156928907449126
1957,1960,0,0.0309759292825771,0,0.0144540581449912,0,2.143061067822748,1.0,0.0325816335543023
1957,1966,0,0.0434260270713236,0,0.0141371199948078,0,3.07177325277516,1.0,0.002228008862238
1957,1967,0,0.0397242077156608,0,0.0139376758046404,0,2.850131418786113,1.0,0.0045132564318839
1957,1968,0,0.0521772352417347,0,0.0144913765188311,0,3.600571358692651,1.0,0.0003427881508465
1957,1970,0,0.0705477669907099,0,0.0156799877504441,0,4.499223348481998,1.0,8.224779050300071e-06
1957,1971,0,0.0603966534124558,0,0.0148704494523837,0,4.061521718348206,1.0,5.524751353125908e-05
1957,1972,0,0.0495245287210354,0,0.0145379191981664,0,3.4065761438047755,1.0,0.000703056830179
1957,1973,0,0.0585251830899099,0,0.0145699281443186,0,4.016847750394086,1.0,6.613685575796485e-05
1957,1974,0,0.0411546723601069,0,0.01385667027486,0,2.970026098894286,1.0,0.0030973792898285
1957,1975,0,0.0426534790778571,0,0.0139232202239263,0,3.06347801671335,1.0,0.0022794144432157
1957,1976,0,0.0532550797083748,0,0.0146555487052589,0,3.6337827248504926,1.0,0.0003036075238585
1957,1977,0,0.0471073264843647,0,0.0144681373970651,0,3.2559357981989043,1.0,0.001187727553132
1957,1981,0,0.0273209091205614,0,0.0131744270836577,0,2.0737834705883813,1.0,0.0384379120402993
1957,1982,0,0.0282760657142204,0,0.013376119024282,0,2.1139215091380392,1.0,0.034867155940495
1957,1986,0,0.0316233578822661,0,0.0133788330854711,0,2.363685807292701,1.0,0.0183667644893704
1957,1989,0,0.0351961859913093,0,0.0132376100501768,0,2.658802144639324,1.0,0.0080289016463622
1957,1990,0,0.0285327175376264,0,0.0133728423490523,0,2.133631489318225,1.0,0.0332484490762629
1957,1991,0,0.0366283180924912,0,0.0138276111482834,0,2.6489259568915737,1.0,0.0082474671182393
1957,1993,0,0.0363809166948278,0,0.0133984177980741,0,2.715314393320164,1.0,0.0067799852005268
1957,1995,0,0.0361654890122198,0,0.0140267583822122,0,2.5783212362224965,1.0,0.0101577028899657
1957,1996,0,0.038448155625005,0,0.0135835129607435,0,2.8305016335700954,1.0,0.0047917729904311
1957,1997,0,0.0308108778665914,0,0.0137905051340759,0,2.2342095207563184,1.0,0.0258149149390367
1957,1999,0,0.0513434639709199,0,0.0137699711564697,0,3.728654431261933,1.0,0.0002079095480537
1957,2000,0,0.0502779652610412,0,0.0142418524657175,0,3.530296735067901,1.0,0.000445968422741
1957,2001,0,0.0367175330731696,0,0.0138186714943999,0,2.6570957336998338,1.0,0.0080611583046538
1957,2003,0,0.0259033003564864,0,0.0130726609543756,0,1.981486435461796,1.0,0.0479247954247704
1957,2004,0,0.0263824628179841,0,0.0131610754312685,0,2.004582600849155,1.0,0.0453848146953647
1958,1966,0,0.0371581292276187,0,0.0135895012329347,0,2.73432619716493,1.0,0.006427111066779
1958,1967,0,0.033456309871956,0,0.0133231766163957,0,2.511136107794598,1.0,0.0122654581767522
1958,1968,0,0.0459093373980296,0,0.0138118572119138,0,3.323907617465739,1.0,0.0009357701845248
1958,1970,0,0.0642798691470048,0,0.0149047287754315,0,4.312716461701832,1.0,1.8685352830057483e-05
1958,1971,0,0.0541287555687506,0,0.0141828389793177,0,3.816496517212409,1.0,0.0001483317780404
1958,1972,0,0.04325663087733,0,0.0139220916136835,0,3.10704972195518,1.0,0.0019741097031523
1958,1973,0,0.0522572852462041,0,0.0138735280354261,0,3.766690427464786,1.0,0.0001798230231857
1958,1974,0,0.034886774516401,0,0.013310190049391,0,2.6210575797148112,1.0,0.0089717010791862
1958,1975,0,0.0363855812341517,0,0.0132901449159428,0,2.737786642981121,1.0,0.0063443761629407
1958,1976,0,0.0469871818646695,0,0.0140099873851479,0,3.3538347018414107,1.0,0.0008439604715222
1958,1977,0,0.0408394286406587,0,0.0137327417026097,0,2.9738729181003807,1.0,0.0030398989568528
1958,1986,0,0.0253554600385603,0,0.0127405711032139,0,1.9901352798984169,1.0,0.0469391445772065
1958,1989,0,0.0289282881476041,0,0.0126551128235999,0,2.285897293120695,1.0,0.0225495570445486
1958,1991,0,0.0303604202487857,0,0.0130872683625948,0,2.319843943565789,1.0,0.0206039882452991
1958,1993,0,0.0301130188511228,0,0.0127328746252064,0,2.36498196499242,1.0,0.0182779794230462
1958,1995,0,0.0298975911685146,0,0.0134150563982586,0,2.2286593720467245,1.0,0.026167554820164
1958,1996,0,0.0321802577812996,0,0.0129889302457733,0,2.4775140964184663,1.0,0.0134660644631686
1958,1999,0,0.0450755661272148,0,0.0130707008104639,0,3.4485959690186467,1.0,0.0005946729559141
1958,2000,0,0.044010067417336,0,0.0136042304128517,0,3.2350280818355093,1.0,0.0012762846367721
1958,2001,0,0.0304496352294641,0,0.0131200752183156,0,2.3208430380762186,1.0,0.0205622476932906
1959,1970,0,0.0450450638938669,0,0.0151229973331519,0,2.978580429629595,1.0,0.0030018047192813
1959,1971,0,0.0348939503156125,0,0.0144448140246373,0,2.4156732136597032,1.0,0.0159714816273179
1959,1973,0,0.0330224799930666,0,0.0141039347706522,0,2.341366471843057,1.0,0.0194921173256166
1959,2012,0,-0.0242141163564235,0,0.0109915373251844,0,-2.202978131270392,1.0,0.0278496149703313
1959,2014,0,-0.0304206386464514,0,0.0111783216082666,0,-2.721395904726386,1.0,0.0066340982813879
1959,2015,0,-0.0273632837064217,0,0.0110603288519552,0,-2.4740027238506967,1.0,0.0135389836863391
1959,2017,0,-0.0272405044597317,0,0.0109962768772669,0,-2.4772479598114887,1.0,0.0134094340113574
1959,2018,0,-0.0238371783342802,0,0.011280981126827,0,-2.1130412387264466,1.0,0.0348540101649869
1959,2019,0,-0.0286564034174946,0,0.0115258830112341,0,-2.4862653377241206,1.0,0.0131015710882984
1960,1970,0,0.039571837708133,0,0.0157347442279268,0,2.514933648422388,1.0,0.0121557094135028
1960,2008,0,-0.0253427354544021,0,0.0124752532361032,0,-2.031440562750304,1.0,0.0425568782968527
1960,2011,0,-0.0260167322794067,0,0.0118455085937962,0,-2.1963372930253264,1.0,0.0283530084831045
1960,2012,0,-0.0296873425421572,0,0.0113962097779275,0,-2.605018959870017,1.0,0.009345583001804
1960,2014,0,-0.0358938648321851,0,0.0115696903734277,0,-3.102404962765738,1.0,0.0019862432824184
1960,2015,0,-0.032836509892155,0,0.0114875221776666,0,-2.858450184844374,1.0,0.0043566421888398
1960,2017,0,-0.0327137306454659,0,0.0114382044092623,0,-2.860040743718072,1.0,0.0043304510191244
1960,2018,0,-0.0293104045200144,0,0.0117465578391142,0,-2.495233490649944,1.0,0.0127607628878143
1960,2019,0,-0.0341296296032287,0,0.0119497630289677,0,-2.8560925869822054,1.0,0.0043991778171643
1961,1966,0,0.0399001300737684,0,0.0140133529874193,0,2.847293585595762,1.0,0.004557193644683
1961,1967,0,0.0361983107181056,0,0.0137360597374467,0,2.6352761570643963,1.0,0.0086034034561164
1961,1968,0,0.0486513382441794,0,0.0142384821033074,0,3.416890781699146,1.0,0.0006724724070098
1961,1970,0,0.0670218699931547,0,0.0153637836411874,0,4.362328418468572,1.0,1.5066493835111336e-05
1961,1971,0,0.0568707564149006,0,0.0146213078825696,0,3.889580663484782,1.0,0.0001110553924038
1961,1972,0,0.0459986317234796,0,0.0143544914825712,0,3.204476576500792,1.0,0.0014227537835311
1961,1973,0,0.0549992860923543,0,0.014301589640281,0,3.845676423091215,1.0,0.0001318490471602
1961,1974,0,0.0376287753625513,0,0.0137249590148374,0,2.7416311642076705,1.0,0.0062867684374347
1961,1975,0,0.0391275820803017,0,0.0137013162253904,0,2.85575352299313,1.0,0.0044252091949291
1961,1976,0,0.0497291827108192,0,0.0144442455199315,0,3.4428369859954397,1.0,0.0006140961269749
1961,1977,0,0.0435814294868088,0,0.0141548654571605,0,3.0789010053615358,1.0,0.0021592282213931
1961,1986,0,0.0280974608847098,0,0.0131336217219549,0,2.139353597929534,1.0,0.0327367326341489
1961,1989,0,0.0316702889937541,0,0.0130472734295102,0,2.4273492208818546,1.0,0.0154590593831326
1961,1991,0,0.033102421094936,0,0.0134881394489922,0,2.454187341413434,1.0,0.0143401429600488
1961,1993,0,0.0328550196972724,0,0.013124741537061,0,2.503288891784875,1.0,0.0125148886251282
1961,1995,0,0.0326395920146643,0,0.0138310352894082,0,2.359880611371125,1.0,0.0185735865748328
1961,1996,0,0.0349222586274497,0,0.0133915772887918,0,2.60777784978908,1.0,0.0093129134171838
1961,1997,0,0.0272849808690358,0,0.0135900999778178,0,2.007710091432088,1.0,0.0450739380881535
1961,1999,0,0.0478175669733643,0,0.0134724419958256,0,3.549287277553701,1.0,0.000410640846262
1961,2000,0,0.0467520682634857,0,0.014025504491035,0,3.333360899308057,1.0,0.0009065859524047
1961,2001,0,0.0331916360756139,0,0.0135234517936175,0,2.4543760411287083,1.0,0.01434377368719
1962,1966,0,0.0357760703459949,0,0.0133736324991773,0,2.6751198934317606,1.0,0.0076582807289687
1962,1967,0,0.0320742509903324,0,0.013086165901603,0,2.4510044600919616,1.0,0.0144889868375222
1962,1968,0,0.0445272785164062,0,0.0135521810463859,0,3.285617153726003,1.0,0.0010686926367136
1962,1970,0,0.0628978102653816,0,0.0146106454235831,0,4.304930305396203,1.0,1.9242899900197823e-05
1962,1971,0,0.0527466966871271,0,0.0139195319848454,0,3.7894015937140697,1.0,0.0001646091836487
1962,1972,0,0.0418745719957066,0,0.0136830413088496,0,3.0603263595078007,1.0,0.0023011972716699
1962,1973,0,0.0508752263645815,0,0.0136081268218363,0,3.738591433682419,1.0,0.0002001920112903
1962,1974,0,0.0335047156347784,0,0.01309546353751,0,2.5584978751465477,1.0,0.0107315885574083
1962,1975,0,0.0350035223525279,0,0.0130471193055049,0,2.682854470239944,1.0,0.0074686079846411
1962,1976,0,0.0456051229830461,0,0.0137609561423176,0,3.314095511343246,1.0,0.000969437289822
1962,1977,0,0.0394573697590358,0,0.0134548048521249,0,2.932585808021152,1.0,0.0034660088414641
1962,1989,0,0.0275462292659807,0,0.0124303812668062,0,2.2160405762886333,1.0,0.0269909935222317
1962,1991,0,0.0289783613671623,0,0.0128092802972285,0,2.2622942659340715,1.0,0.0239434020852674
1962,1993,0,0.0287309599694992,0,0.0124805791506027,0,2.3020534241883897,1.0,0.0215907473762352
1962,1995,0,0.0285155322868913,0,0.0131787184987413,0,2.1637560806549483,1.0,0.0308245887792822
1962,1996,0,0.0307981988996767,0,0.0127593443486407,0,2.4137759792459645,1.0,0.0160370827748148
1962,1999,0,0.0436935072455916,0,0.0128063894312011,0,3.4118521446128907,1.0,0.0006785091282926
1962,2000,0,0.0426280085357127,0,0.0133588822126017,0,3.1909861811268008,1.0,0.0014821465736331
1962,2001,0,0.029067576347841,0,0.0128558635051803,0,2.261036478500886,1.0,0.0240342121823881
1963,1966,0,0.0266230128954466,0,0.0134455195155115,0,1.9800657657543748,1.0,0.048081817192147
1963,1968,0,0.0353742210658576,0,0.0134612773225376,0,2.6278502565749955,1.0,0.0087671341434155
1963,1970,0,0.0537447528148328,0,0.0144557568922794,0,3.717878850296451,1.0,0.0002165278833037
1963,1971,0,0.0435936392365782,0,0.0138399735856278,0,3.1498354362358003,1.0,0.0017002512983503
1963,1972,0,0.0327215145451579,0,0.0136841777352051,0,2.391193331330071,1.0,0.0170509410031658
1963,1973,0,0.0417221689140326,0,0.0134980778100803,0,3.0909711368588035,1.0,0.0020679488684199
1963,1975,0,0.0258504649019795,0,0.0129875907995278,0,1.9903972415668676,1.0,0.0468985048202506
1963,1976,0,0.0364520655324978,0,0.0137275953855151,0,2.6553860679023766,1.0,0.0080962146301614
1963,1977,0,0.0303043123084871,0,0.0132830607833106,0,2.281425403590912,1.0,0.0227869015127307
1963,1999,0,0.0345404497950427,0,0.0126437500987355,0,2.7318200316611034,1.0,0.0064308731173447
1963,2000,0,0.0334749510851644,0,0.0133119952286976,0,2.51464566431034,1.0,0.0121233438742839
1963,2014,0,-0.0217209497254849,0,0.0107648639401619,0,-2.017763517144666,1.0,0.0439109276623116
1964,1966,0,0.0288442875152434,0,0.0132618426557769,0,2.1749833913674625,1.0,0.0299543222804258
1964,1968,0,0.0375954956856547,0,0.0132697855694923,0,2.8331652752617207,1.0,0.0047295976971392
1964,1970,0,0.0559660274346297,0,0.0142473861746748,0,3.928161049927257,1.0,9.368517274659355e-05
1964,1971,0,0.0458149138563752,0,0.0136437327281136,0,3.357945715395847,1.0,0.000825191393693
1964,1972,0,0.0349427891649545,0,0.0134938827374486,0,2.589528147297461,1.0,0.0098022898807206
1964,1973,0,0.0439434435338295,0,0.013305173453659,0,3.30273360861333,1.0,0.0010014916682706
1964,1974,0,0.0265729328040261,0,0.0129722164831095,0,2.048449687732652,1.0,0.0408668410534305
1964,1975,0,0.0280717395217762,0,0.0128041756833431,0,2.192389437321957,1.0,0.0286431589712264
1964,1976,0,0.038673340152294,0,0.0135350846369755,0,2.857266222528449,1.0,0.0043934806580722
1964,1977,0,0.032525586928284,0,0.0130902466001886,0,2.484719189920788,1.0,0.0131665479329721
1964,1999,0,0.0367617244148395,0,0.0124602766132356,0,2.9503136692639997,1.0,0.0032613488227688
1964,2000,0,0.0356962257049608,0,0.0131246483307086,0,2.719785308185365,1.0,0.0066808166248136
1965,1968,0,0.0310471665389782,0,0.0135787293204141,0,2.286455956692656,1.0,0.0225085104184328
1965,1970,0,0.0494176982879532,0,0.0145879280850889,0,3.387574849540528,1.0,0.0007442527303255
1965,1971,0,0.0392665847096992,0,0.0139592806702919,0,2.812937545791031,1.0,0.0050434432544725
1965,1972,0,0.0283944600182787,0,0.0137937954820302,0,2.058495071589942,1.0,0.0399106218145768
1965,1973,0,0.0373951143871531,0,0.0136178354856155,0,2.7460395175616235,1.0,0.0061772578635626
1965,1976,0,0.0321250110056184,0,0.0138411635574135,0,2.3209761861683798,1.0,0.0205704639932501
1965,1999,0,0.0302133952681629,0,0.0127621798402819,0,2.3674165108376517,1.0,0.0181423254498894
1965,2000,0,0.0291478965582847,0,0.013423635573517,0,2.171386164251169,1.0,0.0302203358223848
1965,2014,0,-0.0260480042523644,0,0.0108455660376082,0,-2.4017192059907275,1.0,0.0165221069472868
1965,2015,0,-0.022990649312335,0,0.0106898884700676,0,-2.1506912234594644,1.0,0.0317468366309485
1965,2017,0,-0.0228678700656449,0,0.0106101447872596,0,-2.1552835068852305,1.0,0.0313744652087401
1965,2019,0,-0.0242837690234078,0,0.011161851513304,0,-2.175604020037676,1.0,0.0298479771184005
1966,1979,0,-0.0275898358554528,0,0.0122331861994357,0,-2.255327059170028,1.0,0.0243744306103404
1966,1984,0,-0.0248046634600341,0,0.0123832416792141,0,-2.003083207337373,1.0,0.0454986638350418
1966,1985,0,-0.0292041838607885,0,0.0125834646953947,0,-2.320838065487376,1.0,0.0205635904707892
1966,1987,0,-0.0253171478739723,0,0.0125438004537064,0,-2.018299634740409,1.0,0.0439036601338144
1966,1994,0,-0.0334315152654439,0,0.0121974282718189,0,-2.740865903895868,1.0,0.0062633926755081
1966,1998,0,-0.0246966515822417,0,0.012182613757398,0,-2.0272046766026985,1.0,0.0429932866085806
1966,2008,0,-0.0377928332431484,0,0.0118432569060891,0,-3.191084474720596,1.0,0.0014706325044365
1966,2009,0,-0.0328612351891919,0,0.0112267984303976,0,-2.927035289082687,1.0,0.0035047335710056
1966,2010,0,-0.0305339320170672,0,0.0124109631789379,0,-2.4602387080549057,1.0,0.014106229900566
1966,2011,0,-0.0384668300681534,0,0.0112604825664741,0,-3.416090726225248,1.0,0.000664629745412
1966,2012,0,-0.0421374403309041,0,0.0108180830833226,0,-3.8950930591265216,1.0,0.0001051946359441
1966,2013,0,-0.025996793569169,0,0.0117242322491746,0,-2.2173557309903265,1.0,0.0268476594022482
1966,2014,0,-0.0483439626209317,0,0.0110216068564422,0,-4.386289880470035,1.0,1.2929070842184725e-05
1966,2015,0,-0.0452866076809021,0,0.0108662304653815,0,-4.167646528865719,1.0,3.356001267090162e-05
1966,2016,0,-0.0294051256859403,0,0.0117488819488911,0,-2.502802038002909,1.0,0.0125029848533137
1966,2017,0,-0.0451638284342124,0,0.0107864036178106,0,-4.187107217055853,1.0,3.074107196065519e-05
1966,2018,0,-0.0417605023087614,0,0.0110536666508685,0,-3.7779773560911623,1.0,0.000167502117216
1966,2019,0,-0.0465797273919752,0,0.0113444735466288,0,-4.105939971609974,1.0,4.403871453554141e-05
1967,1970,0,0.030823559275049,0,0.0143218520365968,0,2.1522048402877747,1.0,0.0317022600088736
1967,1979,0,-0.0238880164997901,0,0.0118415726766581,0,-2.017301008241734,1.0,0.0439690279022151
1967,1985,0,-0.0255023645051259,0,0.0122330694261992,0,-2.0847069215930545,1.0,0.03741291373015
1967,1994,0,-0.0297296959097806,0,0.011825723703831,0,-2.513985330145124,1.0,0.0121197852930548
1967,2008,0,-0.0340910138874856,0,0.0114851597820216,0,-2.968266400686063,1.0,0.0030758408526482
1967,2009,0,-0.0291594158335292,0,0.0108522414062407,0,-2.686948690319456,1.0,0.0073317708390567
1967,2010,0,-0.0268321126614045,0,0.0120658290754722,0,-2.223810108163197,1.0,0.0264362765079718
1967,2011,0,-0.0347650107124909,0,0.0109284674590707,0,-3.1811423552929834,1.0,0.0015159333619112
1967,2012,0,-0.0384356209752408,0,0.0104905417240739,0,-3.663835670853666,1.0,0.000261780114493
1967,2013,0,-0.022294974213506,0,0.0113243470891313,0,-1.9687646482421808,1.0,0.0492698690165564
1967,2014,0,-0.0446421432652682,0,0.0107096747580562,0,-4.168393931074965,1.0,3.354166727684012e-05
1967,2015,0,-0.0415847883252396,0,0.0105155110999009,0,-3.954614086768584,1.0,8.201203708037405e-05
1967,2016,0,-0.0257033063302777,0,0.0113657080307398,0,-2.2614786743386484,1.0,0.0239611196042022
1967,2017,0,-0.041462009078549,0,0.0104193950117546,0,-3.9793106060163455,1.0,7.385382124285796e-05
1967,2018,0,-0.0380586829530982,0,0.0106640919352571,0,-3.56886298281716,1.0,0.0003748154556901
1967,2019,0,-0.0428779080363125,0,0.0110015079780599,0,-3.897457341468349,1.0,0.0001042128539331
1968,1969,0,-0.0307445174099218,0,0.0138644551654817,0,-2.217506352969882,1.0,0.026905276039594
1968,1978,0,-0.0285568475368181,0,0.0126466388908274,0,-2.258058270132965,1.0,0.0241963953229822
1968,1979,0,-0.0363410440258638,0,0.0121915868189421,0,-2.9808296955569897,1.0,0.0029548385558395
1968,1980,0,-0.0308754545468428,0,0.0123158821649782,0,-2.5069624841524534,1.0,0.0123535958451507
1968,1981,0,-0.0248563261211739,0,0.0122946005099365,0,-2.0217270257040814,1.0,0.0434980935495887
1968,1983,0,-0.0268269217020596,0,0.0121510981818607,0,-2.2077775440994314,1.0,0.0275080265389652
1968,1984,0,-0.033555871630445,0,0.0123359359619691,0,-2.7201723269231817,1.0,0.0066562966231603
1968,1985,0,-0.0379553920312002,0,0.0126243176065918,0,-3.006530191491835,1.0,0.0027258731261377
1968,1987,0,-0.0340683560443831,0,0.0125396418592531,0,-2.716852397123576,1.0,0.0067293207148032
1968,1988,0,-0.0275962996466388,0,0.0129164528810877,0,-2.136523076474445,1.0,0.0329366197725429
1968,1992,0,-0.0299537964910705,0,0.0118258347038469,0,-2.532911819013216,1.0,0.0114819401193965
1968,1994,0,-0.0421827234358553,0,0.0121858889437729,0,-3.461604125106612,1.0,0.0005637122396002
1968,1998,0,-0.0334478597526521,0,0.0122622563168487,0,-2.7277084158397327,1.0,0.0065177277784678
1968,2002,0,-0.0272825611593795,0,0.0123495562378663,0,-2.2091936450093166,1.0,0.0274262335948812
1968,2003,0,-0.0262739348852487,0,0.012423110347949,0,-2.1149240527825213,1.0,0.0347248482810011
1968,2004,0,-0.0257947724237509,0,0.0124422791525531,0,-2.0731549346775364,1.0,0.0384534221072462
1968,2005,0,-0.0282696516084109,0,0.0128156354676064,0,-2.2058720131254472,1.0,0.0276676060937356
1968,2006,0,-0.0275446483551468,0,0.0119153348281884,0,-2.3116973842802784,1.0,0.0210161787513174
1968,2007,0,-0.0296826668658785,0,0.0121682610564557,0,-2.439351582626565,1.0,0.0149176897167925
1968,2008,0,-0.0465440414135594,0,0.0118365042946672,0,-3.932245556192558,1.0,9.080158020281398e-05
1968,2009,0,-0.0416124433596023,0,0.0111643171178587,0,-3.727271710424463,1.0,0.000204607315739
1968,2010,0,-0.0392851401874784,0,0.0124519652131014,0,-3.154934945220078,1.0,0.0016650832363976
1968,2011,0,-0.0472180382385646,0,0.0112674946088309,0,-4.190642186023977,1.0,3.0506939902782512e-05
1968,2012,0,-0.0508886485013147,0,0.0108111153507987,0,-4.707067388523893,1.0,2.8768159111297887e-06
1968,2013,0,-0.0347480017395801,0,0.0116450760972498,0,-2.9839222560156964,1.0,0.0029189145677842
1968,2014,0,-0.0570951707913425,0,0.0110492245998078,0,-5.167346384861729,1.0,2.9103305134044333e-07
1968,2015,0,-0.0540378158513137,0,0.0108245814530149,0,-4.992139057373231,1.0,7.038230853887476e-07
1968,2016,0,-0.0381563338563516,0,0.0116976022779112,0,-3.2618935872356225,1.0,0.0011474643149475
1968,2017,0,-0.0539150366046231,0,0.0107149214966855,0,-5.031771499333963,1.0,5.717513787366047e-07
1968,2018,0,-0.0505117104791724,0,0.0109588988131362,0,-4.609195808854904,1.0,4.544419768844049e-06
1968,2019,0,-0.0553309355623865,0,0.0113380361111182,0,-4.880116364078977,1.0,1.2492957759863083e-06
1969,1970,0,0.0491150491588971,0,0.014915221696547,0,3.29294798013412,1.0,0.0010433794112658
1969,1971,0,0.0389639355806426,0,0.0142481193186487,0,2.734672184394501,1.0,0.0064061691495051
1969,1972,0,0.0280918108892223,0,0.0140510212178848,0,1.9992718289732376,1.0,0.0459829600489633
1969,1973,0,0.0370924652580969,0,0.0139110723585001,0,2.666398700415935,1.0,0.0078408990920059
1969,1976,0,0.0318223618765612,0,0.0141114570060017,0,2.255072730124659,1.0,0.0244478586321759
1969,1999,0,0.0299107461391067,0,0.0130580470912346,0,2.2905987342613248,1.0,0.0222485693132508
1969,2000,0,0.0288452474292281,0,0.0136908875466594,0,2.106893897924559,1.0,0.0354804793680149
1969,2014,0,-0.0263506533814209,0,0.0110291326592681,0,-2.3891863662803687,1.0,0.0171010963522846
1969,2015,0,-0.0232932984413914,0,0.010909892458902,0,-2.135062149250144,1.0,0.0330147761347773
1969,2017,0,-0.0231705191947015,0,0.010845493005748,0,-2.136419172685041,1.0,0.0328924370079526
1969,2019,0,-0.0245864181524645,0,0.0113706105083077,0,-2.1622777540837315,1.0,0.0308738160602325
1970,1974,0,-0.0293930946306029,0,0.0144975581919348,0,-2.0274513984675404,1.0,0.0429882774022205
1970,1978,0,-0.0469273792857925,0,0.0135539775039397,0,-3.462258903126567,1.0,0.0005637701445942
1970,1979,0,-0.054711575774839,0,0.013072159053407,0,-4.185351138347678,1.0,3.1499234958098006e-05
1970,1980,0,-0.0492459862958172,0,0.0131863141785755,0,-3.734628617891556,1.0,0.0002003934824445
1970,1981,0,-0.043226857870149,0,0.0131590216340819,0,-3.2849598604041628,1.0,0.0010607353626241
1970,1982,0,-0.0422717012764898,0,0.013466045780166,0,-3.139132449612719,1.0,0.001754350756332
1970,1983,0,-0.045197453451035,0,0.0130083797276501,0,-3.474487553201175,1.0,0.0005369371191727
1970,1984,0,-0.0519264033794199,0,0.0132250981990152,0,-3.926352953907489,1.0,9.344462966057872e-05
1970,1985,0,-0.0563259237801755,0,0.0135660429614882,0,-4.151978874022112,1.0,3.670993997123903e-05
1970,1986,0,-0.0389244091084439,0,0.0135505013081813,0,-2.8725438434475272,1.0,0.0041776749877435
1970,1987,0,-0.0524388877933585,0,0.0134591728170388,0,-3.896144919617398,1.0,0.0001060693087682
1970,1988,0,-0.0459668313956136,0,0.013855148800211,0,-3.3176714345293314,1.0,0.0009502142323424
1970,1989,0,-0.0353515809994006,0,0.0136067584214629,0,-2.5980898539095145,1.0,0.0095499194157476
1970,1990,0,-0.0420150494530838,0,0.0138377369454194,0,-3.036265945710982,1.0,0.0024768921066334
1970,1991,0,-0.0339194488982189,0,0.0136724415717344,0,-2.480862596505213,1.0,0.013298282527993
1970,1992,0,-0.0483243282400455,0,0.0126826775359283,0,-3.810262312760784,1.0,0.0001487264883298
1970,1993,0,-0.0341668502958816,0,0.0134623035213979,0,-2.537964638932294,1.0,0.0113306440843447
1970,1994,0,-0.0605532551848305,0,0.0130767506532935,0,-4.630604099618528,1.0,4.241875316244277e-06
1970,1995,0,-0.0343822779784901,0,0.0144406213871099,0,-2.380941723822253,1.0,0.017522236111114
1970,1996,0,-0.0320996113657051,0,0.0139751483369193,0,-2.296906665448755,1.0,0.0218944469721978
1970,1997,0,-0.0397368891241193,0,0.0141671200645997,0,-2.8048671108119043,1.0,0.0051634768432237
1970,1998,0,-0.0518183915016274,0,0.0131910079597118,0,-3.9283117453868415,1.0,9.331067798298768e-05
1970,2001,0,-0.0338302339175402,0,0.0138345946784776,0,-2.4453361087744567,1.0,0.0146821120882702
1970,2002,0,-0.0456530929083547,0,0.0132437461053394,0,-3.4471434702262047,1.0,0.000595496144717
1970,2003,0,-0.0446444666342235,0,0.0133176164754181,0,-3.3522865534256003,1.0,0.0008381813054335
1970,2004,0,-0.0441653041727264,0,0.0133322190979008,0,-3.3126746454144507,1.0,0.0009641120388257
1970,2005,0,-0.0466401833573863,0,0.0137395307785598,0,-3.394597974929908,1.0,0.0007215760728463
1970,2006,0,-0.0459151801041218,0,0.012765218757369,0,-3.596897239039949,1.0,0.0003400396180088
1970,2007,0,-0.0480531986148539,0,0.013060464790343,0,-3.679287022800653,1.0,0.000249314661111
1970,2008,0,-0.0649145731625351,0,0.01270334860893,0,-5.110036350329083,1.0,3.989182266609753e-07
1970,2009,0,-0.0599829751085774,0,0.0119618227362482,0,-5.014534693513664,1.0,6.345120437462565e-07
1970,2010,0,-0.0576556719364533,0,0.0133810513079962,0,-4.308755015534502,1.0,1.855045042920941e-05
1970,2011,0,-0.0655885699875398,0,0.0120973486644277,0,-5.421730976507546,1.0,7.625017490854827e-08
1970,2012,0,-0.0692591802502894,0,0.0116024259081137,0,-5.96937061255918,1.0,3.3747612364385406e-09
1970,2013,0,-0.053118533488555,0,0.0124719903782881,0,-4.259026176048553,1.0,2.266613367019307e-05
1970,2014,0,-0.0754657025403179,0,0.0118703174515176,0,-6.357513423591644,1.0,3.277280031547447e-10
1970,2015,0,-0.0724083476002879,0,0.0116045340798544,0,-6.239660041671926,1.0,6.54981404178691e-10
1970,2016,0,-0.0565268656053272,0,0.0125383568455858,0,-4.508315268218539,1.0,7.414659958001246e-06
1970,2017,0,-0.0722855683535987,0,0.0114761419361833,0,-6.298769112090529,1.0,4.47023648668012e-10
1970,2018,0,-0.0688822422281476,0,0.0117297176052987,0,-5.872455292276676,1.0,5.833942539933698e-09
1970,2019,0,-0.0737014673113615,0,0.0121683059245401,0,-6.05683878827582,1.0,2.0513853570281e-09
1971,1978,0,-0.0367762657075389,0,0.0130088470093635,0,-2.827019618346494,1.0,0.0048127244993232
1971,1979,0,-0.0445604621965846,0,0.0125392902392947,0,-3.553667021514843,1.0,0.0004009871260071
1971,1980,0,-0.0390948727175632,0,0.0126717657012053,0,-3.085195357884844,1.0,0.0020985187397108
1971,1981,0,-0.0330757442918943,0,0.0126509550432217,0,-2.61448595611095,1.0,0.0090887966241298
1971,1982,0,-0.0321205876982358,0,0.0129357838181546,0,-2.4830801248515364,1.0,0.0132188918313446
1971,1983,0,-0.0350463398727803,0,0.0125025665638908,0,-2.8031316365072585,1.0,0.005171288116102
1971,1984,0,-0.0417752898011657,0,0.0126882162545402,0,-3.292447808510296,1.0,0.0010348786533929
1971,1985,0,-0.0461748102019209,0,0.0129771670904313,0,-3.5581579461951933,1.0,0.0003963960715394
1971,1986,0,-0.0287732955301904,0,0.0130090323978224,0,-2.211793671526768,1.0,0.0272542776746245
1971,1987,0,-0.0422877742151038,0,0.0128939648021311,0,-3.2796564023592283,1.0,0.0010845120458827
1971,1988,0,-0.0358157178173593,0,0.0132835177252736,0,-2.6962524956183342,1.0,0.0071630501754901
1971,1990,0,-0.0318639358748299,0,0.0132570209118145,0,-2.4035517547108256,1.0,0.0164711987495883
1971,1992,0,-0.0381732146617919,0,0.0121624178835043,0,-3.13862054629495,1.0,0.0017547364458102
1971,1994,0,-0.0504021416065759,0,0.0125308378164616,0,-4.022248340040209,1.0,6.29289590782661e-05
1971,1997,0,-0.0295857755458649,0,0.013582008042905,0,-2.1783064368983243,1.0,0.0296882924164915
1971,1998,0,-0.0416672779233735,0,0.0126015343255258,0,-3.306524177692536,1.0,0.0009882274139952
1971,2002,0,-0.0355019793301005,0,0.0127012479221991,0,-2.795156786763471,1.0,0.0053074598649863
1971,2003,0,-0.0344933530559693,0,0.0127781169729824,0,-2.699408146669857,1.0,0.0070874122311565
1971,2004,0,-0.034014190594472,0,0.0127992735543673,0,-2.6575094633293217,1.0,0.0080215745920606
1971,2005,0,-0.036489069779132,0,0.0131816314519042,0,-2.768175541265097,1.0,0.0057672675042134
1971,2006,0,-0.0357640665258671,0,0.0122577281076907,0,-2.9176749730178844,1.0,0.0036154467679132
1971,2007,0,-0.0379020850365994,0,0.0125120714398884,0,-3.029241418472709,1.0,0.0025283184836838
1971,2008,0,-0.05476345958428,0,0.0121711560301114,0,-4.499446022119438,1.0,7.759513644759761e-06
1971,2009,0,-0.0498318615303238,0,0.0114847716053357,0,-4.338951025127241,1.0,1.5835548612091204e-05
1971,2010,0,-0.0475045583581991,0,0.0127999242137162,0,-3.711315595704386,1.0,0.0002208566830171
1971,2011,0,-0.0554374564092854,0,0.0115848656048238,0,-4.785334444121779,1.0,1.9971516900993845e-06
1971,2012,0,-0.0591080666720359,0,0.0111167851632815,0,-5.317010790787634,1.0,1.315653201265853e-07
1971,2013,0,-0.0429674199103012,0,0.0119805699466676,0,-3.5864253621967723,1.0,0.00035287627493
1971,2014,0,-0.0653145889620637,0,0.011358649474414,0,-5.750207285574579,1.0,1.2213094643124746e-08
1971,2015,0,-0.0622572340220342,0,0.0111336273218372,0,-5.5918194692869125,1.0,2.9149828492963422e-08
1971,2016,0,-0.0463757520270727,0,0.0120321685083782,0,-3.8543137086868704,1.0,0.0001243577415894
1971,2017,0,-0.0621344547753445,0,0.0110234509816695,0,-5.636570152002795,1.0,2.2436636906822893e-08
1971,2018,0,-0.0587311286498933,0,0.0112763459390967,0,-5.208347541579387,1.0,2.3068981146716494e-07
1971,2019,0,-0.0635503537331076,0,0.0116585609810635,0,-5.450960357485768,1.0,6.480517427007435e-08
1972,1978,0,-0.025904141016118,0,0.0128994617331226,0,-2.0081567395639968,1.0,0.0449598500308851
1972,1979,0,-0.0336883375051646,0,0.0124256522276472,0,-2.7111926913749835,1.0,0.0068426922871242
1972,1980,0,-0.0282227480261426,0,0.0125832612988518,0,-2.242880232386008,1.0,0.0251597040535762
1972,1984,0,-0.0309031651097451,0,0.0125757912238707,0,-2.4573535421839985,1.0,0.0142020087413751
1972,1985,0,-0.0353026855105005,0,0.0128182930733223,0,-2.7540863130967983,1.0,0.0060273911696741
1972,1987,0,-0.0314156495236831,0,0.0127581035092679,0,-2.462407480928626,1.0,0.0140153735512446
1972,1992,0,-0.027301089970371,0,0.0120484112007483,0,-2.265949386644047,1.0,0.0237037464465861
1972,1994,0,-0.0395300169151549,0,0.0124024987991692,0,-3.1872623053833937,1.0,0.0014912365392349
1972,1998,0,-0.0307951532319524,0,0.0124276479985964,0,-2.4779550591898247,1.0,0.0134302620865064
1972,2006,0,-0.0248919418344471,0,0.0121613730096604,0,-2.046803581690503,1.0,0.04097600686124
1972,2007,0,-0.0270299603451792,0,0.0123802817851396,0,-2.183307360388524,1.0,0.0292998755301079
1972,2008,0,-0.0438913348928599,0,0.0120443177018142,0,-3.644152867725216,1.0,0.0002848093922933
1972,2009,0,-0.0389597368389026,0,0.0113927179884699,0,-3.419705190485004,1.0,0.0006537307348975
1972,2010,0,-0.0366324336667784,0,0.0126428772534307,0,-2.8974760200916947,1.0,0.0038692384785208
1972,2011,0,-0.0445653317178649,0,0.0114575419142483,0,-3.889606693251068,1.0,0.0001079882516098
1972,2012,0,-0.0482359419806146,0,0.0110013495262539,0,-4.3845477198504375,1.0,1.2941392382481662e-05
1972,2013,0,-0.0320952952188806,0,0.0118914194231721,0,-2.699029785825085,1.0,0.0070835227390973
1972,2014,0,-0.0544424642706433,0,0.011223623778825,0,-4.850702887364846,1.0,1.4535148194788671e-06
1972,2015,0,-0.0513851093306139,0,0.0110350762564952,0,-4.656525078416994,1.0,3.6662749357894353e-06
1972,2016,0,-0.0355036273356517,0,0.0119287318648509,0,-2.9763119615645186,1.0,0.0029972508298766
1972,2017,0,-0.0512623300839237,0,0.010940774942753,0,-4.685438677986791,1.0,3.1768029145177146e-06
1972,2018,0,-0.0478590039584721,0,0.0112024393526177,0,-4.272194872207772,1.0,2.120306753255962e-05
1972,2019,0,-0.0526782290416869,0,0.0115370604170151,0,-4.566000968842635,1.0,5.677856913880688e-06
1973,1978,0,-0.0349047953849929,0,0.0126723769690572,0,-2.75440002062926,1.0,0.0060057423469278
1973,1979,0,-0.0426889918740388,0,0.0122183589858504,0,-3.4938400421427405,1.0,0.0005000631501812
1973,1980,0,-0.037223402395017,0,0.0123366270119213,0,-3.0173079204750857,1.0,0.0026221753596313
1973,1981,0,-0.0312042739693481,0,0.0123138277693297,0,-2.534084003275505,1.0,0.0114408886247941
1973,1982,0,-0.0302491173756899,0,0.0125958865581795,0,-2.401507606151534,1.0,0.0165362954004907
1973,1983,0,-0.0331748695502348,0,0.0121710784791873,0,-2.7257132231103567,1.0,0.0065386899697536
1973,1984,0,-0.0399038194786194,0,0.0123624128842653,0,-3.227834230436388,1.0,0.0012942654126933
1973,1985,0,-0.0443033398793744,0,0.0126618709333906,0,-3.498956837614091,1.0,0.0004929858903702
1973,1986,0,-0.0269018252076446,0,0.0126709024973564,0,-2.1231183187825136,1.0,0.0340309843450506
1973,1987,0,-0.0404163038925586,0,0.0125717128791574,0,-3.2148605588634216,1.0,0.0013558444751904
1973,1988,0,-0.0339442474948128,0,0.0129466767292952,0,-2.6218502403790733,1.0,0.0089091233090916
1973,1990,0,-0.0299924655522838,0,0.0129254705123198,0,-2.320415765421974,1.0,0.0205684447256832
1973,1992,0,-0.0363017443392456,0,0.0118527074497007,0,-3.062738576253478,1.0,0.0022586047894239
1973,1994,0,-0.0485306712840299,0,0.0122161747359675,0,-3.972656935001382,1.0,7.706415708064143e-05
1973,1997,0,-0.0277143052233186,0,0.0132378506870188,0,-2.093565328584315,1.0,0.0366157870176231
1973,1998,0,-0.0397958076008275,0,0.0123033843267933,0,-3.234541532947424,1.0,0.0012682772682498
1973,2002,0,-0.0336305090075546,0,0.0123773943010558,0,-2.717091189757587,1.0,0.0067186601760048
1973,2003,0,-0.0326218827334239,0,0.0124494603926278,0,-2.6203451157402484,1.0,0.0089390123242627
1973,2004,0,-0.032142720271926,0,0.0124667109356676,0,-2.578283914481778,1.0,0.0100927950614319
1973,2005,0,-0.0346175994565864,0,0.0128431675668366,0,-2.6954097792802565,1.0,0.0071724457233859
1973,2006,0,-0.0338925962033217,0,0.0119379786558342,0,-2.8390565254326448,1.0,0.0046246894499654
1973,2007,0,-0.0360306147140533,0,0.0121993710678167,0,-2.953481332255384,1.0,0.0032285057996379
1973,2008,0,-0.0528919892617351,0,0.0118664421834651,0,-4.457274425137758,1.0,9.37260283617154e-06
1973,2009,0,-0.0479603912077778,0,0.0111859587786278,0,-4.287553007920255,1.0,1.983780431055333e-05
1973,2010,0,-0.0456330880356536,0,0.0124890873586393,0,-3.6538368837725153,1.0,0.0002750266812008
1973,2011,0,-0.0535659860867392,0,0.0112975643049216,0,-4.741374746006443,1.0,2.458498895274049e-06
1973,2012,0,-0.0572365963494899,0,0.0108383614498281,0,-5.2809270676609,1.0,1.5840389946560673e-07
1973,2013,0,-0.0410959495877548,0,0.0116660030720577,0,-3.522710334800716,1.0,0.0004474933754562
1973,2014,0,-0.0634431186395182,0,0.0110811352006885,0,-5.725326646639602,1.0,1.3939142630876789e-08
1973,2015,0,-0.0603857636994879,0,0.0108477915053723,0,-5.566641253160334,1.0,3.3297823230126574e-08
1973,2016,0,-0.0445042817045266,0,0.0117219505793862,0,-3.796661775966727,1.0,0.0001562375215564
1973,2017,0,-0.060262984452798,0,0.0107343325110549,0,-5.614041151672459,1.0,2.529027556322988e-08
1973,2018,0,-0.0568596583273471,0,0.010976195055871,0,-5.180270397703399,1.0,2.658511063590272e-07
1973,2019,0,-0.0616788834105618,0,0.0113667144823794,0,-5.426271901715819,1.0,7.353146763978054e-08
1974,1979,0,-0.0253184811442351,0,0.0119621199886449,0,-2.1165546883218678,1.0,0.0345901249317826
1974,1985,0,-0.0269328291495716,0,0.0123113954784571,0,-2.1876341472986987,1.0,0.0289974120928995
1974,1994,0,-0.0311601605542267,0,0.0119295775289117,0,-2.6120087219106543,1.0,0.0091648366002978
1974,2008,0,-0.0355214785319315,0,0.0115835618445984,0,-3.0665419677018986,1.0,0.0022340581797928
1974,2009,0,-0.0305898804779749,0,0.0109761145580421,0,-2.786949818737264,1.0,0.0054259585719818
1974,2010,0,-0.02826257730585,0,0.0121426908471527,0,-2.327538241861536,1.0,0.0201922881090763
1974,2011,0,-0.0361954753569361,0,0.0110146828176219,0,-3.286111452889801,1.0,0.0010554925007845
1974,2012,0,-0.039866085619687,0,0.0105808481156129,0,-3.767758990969843,1.0,0.0001748854096566
1974,2013,0,-0.0237254388579517,0,0.0114612979919071,0,-2.070048163367208,1.0,0.038726405708304
1974,2014,0,-0.0460726079097146,0,0.0107827180346051,0,-4.272819502638659,1.0,2.1364489460891764e-05
1974,2015,0,-0.0430152529696852,0,0.0106251326963744,0,-4.04844383584622,1.0,5.5637630470281874e-05
1974,2016,0,-0.0271337709747231,0,0.0114876552709599,0,-2.3619938390139232,1.0,0.0183906596568249
1974,2017,0,-0.0428924737229949,0,0.0105446471872662,0,-4.067701172097273,1.0,5.113961502456012e-05
1974,2018,0,-0.0394891475975436,0,0.0108041767436701,0,-3.654989041222324,1.0,0.0002703953049756
1974,2019,0,-0.0443083726807582,0,0.0110957415647298,0,-3.9932772786995714,1.0,7.051827914856715e-05
1975,1979,0,-0.0268172878619858,0,0.0117724212085114,0,-2.277975565688818,1.0,0.0229648957963085
1975,1984,0,-0.0240321154665666,0,0.0119127069412179,0,-2.017351353067833,1.0,0.0439620329843393
1975,1985,0,-0.0284316358673215,0,0.0121756198965479,0,-2.3351284048693435,1.0,0.0197794708885828
1975,1987,0,-0.0245445998805048,0,0.0121017432373683,0,-2.028187129662025,1.0,0.0428562660084143
1975,1994,0,-0.032658967271977,0,0.0117616784346621,0,-2.7767267616949747,1.0,0.0056089239709101
1975,1998,0,-0.0239241035887742,0,0.0118195261954383,0,-2.024116973318913,1.0,0.0432830792175022
1975,2008,0,-0.0370202852496818,0,0.0114237066827572,0,-3.240654393337975,1.0,0.0012365762205846
1975,2009,0,-0.0320886871957245,0,0.0107848032606031,0,-2.975361387717148,1.0,0.0029966568476831
1975,2010,0,-0.0297613840235998,0,0.0120092849932592,0,-2.478197831120232,1.0,0.0134043258062475
1975,2011,0,-0.0376942820746862,0,0.0108722422693888,0,-3.4670200627165757,1.0,0.0005502032475789
1975,2012,0,-0.041364892337437,0,0.0104342874186446,0,-3.964323645477077,1.0,7.887973809858067e-05
1975,2013,0,-0.025224245575702,0,0.0112516336649132,0,-2.241829615761543,1.0,0.0251989431031634
1975,2014,0,-0.0475714146274649,0,0.0106580383216378,0,-4.463430623146293,1.0,9.04106067061274e-06
1975,2015,0,-0.0445140596874355,0,0.0104533297538393,0,-4.258361759905863,1.0,2.249015905283268e-05
1975,2016,0,-0.028632577692474,0,0.0112974423879838,0,-2.5344300691392005,1.0,0.0114246872794878
1975,2017,0,-0.0443912804407453,0,0.0103527267911888,0,-4.287882925542523,1.0,1.9675035602433027e-05
1975,2018,0,-0.0409879543152943,0,0.0105922358443507,0,-3.86962251573682,1.0,0.0001156706453614
1975,2019,0,-0.0458071793985086,0,0.0109426532558778,0,-4.186112666405025,1.0,3.104396060194105e-05
1976,1978,0,-0.0296346920034576,0,0.0129244120651949,0,-2.292923798310565,1.0,0.022106890043474
1976,1979,0,-0.0374188884925034,0,0.0124532122738381,0,-3.004757942744909,1.0,0.0027371884438093
1976,1980,0,-0.0319532990134823,0,0.012599850128591,0,-2.53600627685048,1.0,0.0113878085246406
1976,1981,0,-0.0259341705878132,0,0.0125826958539585,0,-2.061098105590334,1.0,0.0395890164772205
1976,1983,0,-0.0279047661686994,0,0.0124327750592294,0,-2.244451945423426,1.0,0.025051124863842
1976,1984,0,-0.0346337160970846,0,0.0126025815453736,0,-2.7481445743787827,1.0,0.0061235702166306
1976,1985,0,-0.0390332364978397,0,0.0128644892171067,0,-3.034184711036551,1.0,0.0024939448306836
1976,1987,0,-0.0351462005110225,0,0.012794579473861,0,-2.746960193793413,1.0,0.0061521727462207
1976,1988,0,-0.0286741441132781,0,0.0131878706648997,0,-2.1742815684108847,1.0,0.0299854895405852
1976,1992,0,-0.0310316409577103,0,0.0120767636142857,0,-2.569532860691474,1.0,0.0103506459941076
1976,1994,0,-0.0432605679024954,0,0.0124363660030987,0,-3.4785537746087654,1.0,0.000530723393824
1976,1998,0,-0.0345257042192924,0,0.0124809195922552,0,-2.766278875854356,1.0,0.0058065960216986
1976,2002,0,-0.02836040562602,0,0.0126123349581864,0,-2.248624518778078,1.0,0.024800850473771
1976,2003,0,-0.027351779351888,0,0.0126926269123934,0,-2.1549344781560524,1.0,0.0314560670396845
1976,2004,0,-0.0268726168903905,0,0.012718330314257,0,-2.1129044635888152,1.0,0.0349058621966053
1976,2005,0,-0.0293474960750511,0,0.0130926029586889,0,-2.241532578941801,1.0,0.0252671066561945
1976,2006,0,-0.0286224928217865,0,0.0121820136602601,0,-2.3495699167665656,1.0,0.0190150181935523
1976,2007,0,-0.030760511332519,0,0.0124156583598028,0,-2.477557809750133,1.0,0.0134299263230059
1976,2008,0,-0.0476218858801994,0,0.0120781489153082,0,-3.942813274958212,1.0,8.720809672848897e-05
1976,2009,0,-0.0426902878262422,0,0.0114128182696709,0,-3.7405561726755856,1.0,0.0001945980044815
1976,2010,0,-0.040362984654118,0,0.0126885901097506,0,-3.181045672135066,1.0,0.0015261237291736
1976,2011,0,-0.0482958827052043,0,0.0114925702747026,0,-4.20235696200291,1.0,2.909489591169545e-05
1976,2012,0,-0.0519664929679547,0,0.0110320755414848,0,-4.710491037932163,1.0,2.842831178967157e-06
1976,2013,0,-0.0358258462062202,0,0.0119094453568807,0,-3.008187630293089,1.0,0.0027001369080001
1976,2014,0,-0.0581730152579824,0,0.0112623346390633,0,-5.16527142216228,1.0,2.963017787731863e-07
1976,2015,0,-0.055115660317953,0,0.0110585463049216,0,-4.983987840555836,1.0,7.37289461842138e-07
1976,2016,0,-0.0392341783229913,0,0.0119527806206534,0,-3.2824310566863377,1.0,0.0010693814406045
1976,2017,0,-0.0549928810712629,0,0.0109576403767384,0,-5.018679129861323,1.0,6.141956521713688e-07
1976,2018,0,-0.0515895549458116,0,0.0112151321155457,0,-4.599995293350239,1.0,4.762932998545392e-06
1976,2019,0,-0.0564087800290257,0,0.0115694702351764,0,-4.8756579931825685,1.0,1.2845359454755796e-06
1977,1979,0,-0.0312711352684933,0,0.0120016885248542,0,-2.605561309455261,1.0,0.0093223435121302
1977,1980,0,-0.0258055457894718,0,0.0120965441289915,0,-2.1332990244398897,1.0,0.0331600097443506
1977,1984,0,-0.0284859628730744,0,0.012141111058798,0,-2.346240202821642,1.0,0.0191797535289676
1977,1985,0,-0.0328854832738291,0,0.0124704635651353,0,-2.637069833215312,1.0,0.0085183726112573
1977,1987,0,-0.0289984472870125,0,0.012364062185589,0,-2.345381869788049,1.0,0.0192337520831359
1977,1992,0,-0.0248838877337,0,0.0116455941173795,0,-2.1367641258048087,1.0,0.0328764598770307
1977,1994,0,-0.0371128146784848,0,0.01201144819115,0,-3.089786850667126,1.0,0.0020651857852547
1977,1998,0,-0.0283779509952813,0,0.0121330544565644,0,-2.3388958729949363,1.0,0.0195749903311728
1977,2007,0,-0.0246127581085081,0,0.0119978546206761,0,-2.051429933656017,1.0,0.0405179732249054
1977,2008,0,-0.0414741326561894,0,0.0116693518183601,0,-3.5541076575423483,1.0,0.0003986437014192
1977,2009,0,-0.0365425346022321,0,0.0109779305621027,0,-3.3287270670468496,1.0,0.0009035482725811
1977,2010,0,-0.0342152314301083,0,0.0123005768565279,0,-2.781595678738438,1.0,0.0055298389697159
1977,2011,0,-0.0421481294811938,0,0.0111152497878602,0,-3.791919235789634,1.0,0.0001588527867302
1977,2012,0,-0.0458187397439438,0,0.0106580673963231,0,-4.298972603583899,1.0,1.881384202579474e-05
1977,2013,0,-0.0296780929822096,0,0.011443449681712,0,-2.5934568515330483,1.0,0.0096424537169565
1977,2014,0,-0.0520252620339716,0,0.0109104882874001,0,-4.768371558040381,1.0,2.144034985926313e-06
1977,2015,0,-0.0489679070939426,0,0.0106536002831933,0,-4.596371723387464,1.0,4.82505955387199e-06
1977,2016,0,-0.0330864250989814,0,0.0115095845683307,0,-2.874684564204037,1.0,0.0041337164170529
1977,2017,0,-0.0488451278472534,0,0.0105301227594396,0,-4.638609536006259,1.0,3.934433724173669e-06
1977,2018,0,-0.045441801721802,0,0.0107587111184074,0,-4.223721709941065,1.0,2.6056920731560905e-05
1977,2019,0,-0.0502610268050161,0,0.011177955266946,0,-4.496441934567518,1.0,7.753807719505684e-06
1978,1999,0,0.0277230762660024,0,0.0118424633634892,0,2.3409889830416395,1.0,0.0194434011777084
1978,2000,0,0.0266575775561245,0,0.0125264404617008,0,2.128104758700544,1.0,0.0336189541652155
1978,2012,0,-0.0223318009644972,0,0.0099523686100073,0,-2.24386795139823,1.0,0.0250496443165403
1978,2014,0,-0.0285383232545244,0,0.0101721399042253,0,-2.8055378242163345,1.0,0.0051212913940177
1978,2015,0,-0.0254809683144951,0,0.0099641501322075,0,-2.557264591199997,1.0,0.0106863728275534
1978,2017,0,-0.0253581890678059,0,0.009862685517024,0,-2.5711241653234422,1.0,0.0102654250892788
1978,2018,0,-0.0219548629423535,0,0.0100868397854052,0,-2.176584877864362,1.0,0.0297217871551242
1978,2019,0,-0.0267740880255683,0,0.0104373682643029,0,-2.5652144628391618,1.0,0.0104574081710748
1979,1999,0,0.0355072727550488,0,0.0114244680247268,0,3.1080022875636515,1.0,0.0019394115812625
1979,2000,0,0.0344417740451698,0,0.0120712768748803,0,2.853200568768437,1.0,0.0044315182613927
1979,2014,0,-0.0207541267654792,0,0.0097933557407402,0,-2.1192048277325664,1.0,0.0343147529982341
1980,1999,0,0.0300416832760273,0,0.0115150294067025,0,2.608910686631935,1.0,0.0092215766286629
1980,2000,0,0.0289761845661492,0,0.0122086124687496,0,2.373421602194312,1.0,0.017835594373334
1980,2012,0,-0.0200131939544727,0,0.0097078049832145,0,-2.061557065585574,1.0,0.0394855344126758
1980,2014,0,-0.0262197162445002,0,0.0099346498108301,0,-2.6392189703473146,1.0,0.0084335266133999
1980,2015,0,-0.0231623613044716,0,0.0097067785305705,0,-2.3862047775710638,1.0,0.0171880030955361
1980,2017,0,-0.0230395820577815,0,0.0095969676810156,0,-2.400714769870235,1.0,0.0165188656519322
1980,2018,0,-0.0196362559323303,0,0.0098071918712963,0,-2.0022302194170147,1.0,0.0454924286929408
1980,2019,0,-0.024455481015544,0,0.0101811768445098,0,-2.4020288999037938,1.0,0.0164787987669398
1981,1999,0,0.0240225548503591,0,0.0114890384781556,0,2.090910818693296,1.0,0.0367905505798042
1981,2008,0,-0.0216877152923857,0,0.01061626949159,0,-2.04287535367921,1.0,0.0413244674053851
1981,2011,0,-0.0223617121173909,0,0.010112744446939,0,-2.2112407007535464,1.0,0.0272342139153497
1981,2012,0,-0.0260323223801415,0,0.009696382759248,0,-2.684745747615318,1.0,0.007367023378246
1981,2014,0,-0.0322388446701689,0,0.0099272216525625,0,-3.247519376365201,1.0,0.0012008417796266
1981,2015,0,-0.0291814897301387,0,0.0096910771786947,0,-3.0111709144461707,1.0,0.0026599890874177
1981,2017,0,-0.0290587104834505,0,0.0095776816832559,0,-3.034002532601587,1.0,0.0024661979141659
1981,2018,0,-0.0256553843579982,0,0.0097847733643716,0,-2.621970218688427,1.0,0.008855689252442
1981,2019,0,-0.0304746094412132,0,0.0101693035339997,0,-2.9967253253209845,1.0,0.0027929789910765
1982,2008,0,-0.0226428718860453,0,0.0108455783348872,0,-2.087751449197444,1.0,0.0370809538149309
1982,2011,0,-0.0233168687110501,0,0.010328009820792,0,-2.257634250512547,1.0,0.0241813290810021
1982,2012,0,-0.0269874789737997,0,0.0099059726301163,0,-2.7243643790971115,1.0,0.0065478097038598
1982,2014,0,-0.0331940012638279,0,0.0101336913808986,0,-3.2756080697697585,1.0,0.0010899893455226
1982,2015,0,-0.0301366463237982,0,0.0099087043759914,0,-3.0414315717016054,1.0,0.002410533616215
1982,2017,0,-0.0300138670771094,0,0.0097999245850618,0,-3.0626630660872456,1.0,0.0022452433682287
1982,2018,0,-0.0266105409516581,0,0.0100169909421695,0,-2.6565403827643403,1.0,0.0080057196770365
1982,2019,0,-0.0314297660348717,0,0.0103889319763592,0,-3.025312525521632,1.0,0.0025464376656467
1983,1999,0,0.0259931504312447,0,0.0113589812800447,0,2.2883346481879485,1.0,0.0223267784581452
1983,2000,0,0.0249276517213662,0,0.0120463674544949,0,2.069308595768001,1.0,0.0387998716954328
1983,2011,0,-0.0203911165365041,0,0.0099899207057013,0,-2.0411690079648657,1.0,0.0414824663109423
1983,2012,0,-0.0240617267992546,0,0.0095797337058329,0,-2.5117323234782525,1.0,0.0121548277140799
1983,2014,0,-0.0302682490892832,0,0.009804981440773,0,-3.0870276779327432,1.0,0.0020741502170253
1983,2015,0,-0.0272108941492535,0,0.0095773139097367,0,-2.841182236032761,1.0,0.0045746104290146
1983,2017,0,-0.0270881149025636,0,0.0094677338062381,0,-2.861098068126461,1.0,0.0042959840479974
1983,2018,0,-0.0236847887771122,0,0.0096742323324792,0,-2.4482344400180858,1.0,0.0145010047093888
1983,2019,0,-0.028504013860327,0,0.010046883947327,0,-2.837099941610308,1.0,0.0046394399142452
1984,1999,0,0.0327221003596298,0,0.0115571977373099,0,2.831317859518269,1.0,0.0047340558116397
1984,2000,0,0.0316566016497513,0,0.0122155873869247,0,2.5914923815809066,1.0,0.0097188201908698
1984,2014,0,-0.0235392991608976,0,0.0099132982934915,0,-2.374517387048885,1.0,0.017757949608871
1984,2015,0,-0.0204819442208688,0,0.0097184855323059,0,-2.107524279661001,1.0,0.0353000709244323
1984,2017,0,-0.0203591649741785,0,0.0096230096769781,0,-2.11567541315949,1.0,0.0345901443659117
1984,2019,0,-0.0217750639319418,0,0.0101757445158299,0,-2.139898844557979,1.0,0.0326027319741934
1985,1996,0,0.02422631241447,0,0.0119322428781772,0,2.030323440597857,1.0,0.0426471509139005
1985,1999,0,0.0371216207603849,0,0.0118702181236928,0,3.127290532790661,1.0,0.0018224585791102
1985,2000,0,0.0360561220505065,0,0.0124774204448903,0,2.889709632672673,1.0,0.0039618391448448
1986,2008,0,-0.0259901640540904,0,0.0108996082606849,0,-2.3845044181851285,1.0,0.0172971099020436
1986,2009,0,-0.0210585660001334,0,0.0102752076035199,0,-2.0494540658156084,1.0,0.0406636683112023
1986,2011,0,-0.0266641608790957,0,0.0103770450080406,0,-2.569533124163481,1.0,0.0103285343260404
1986,2012,0,-0.0303347711418459,0,0.0099554565119553,0,-3.0470497365356803,1.0,0.0023687466751888
1986,2014,0,-0.0365412934318731,0,0.0101780900852756,0,-3.5901915905358748,1.0,0.0003465026222509
1986,2015,0,-0.0334839384918444,0,0.0099644430284636,0,-3.3603422084101218,1.0,0.0008057141029192
1986,2017,0,-0.0333611592451539,0,0.0098605248099662,0,-3.3833046301384644,1.0,0.0007409201967973
1986,2018,0,-0.029957833119703,0,0.0100828709893706,0,-2.971161006749427,1.0,0.0030303649446695
1986,2019,0,-0.0347770582029169,0,0.0104406770496455,0,-3.3309198280486743,1.0,0.0008973853654419
1987,1999,0,0.033234584773568,0,0.0117691768732065,0,2.823866539828225,1.0,0.0048489939651448
1987,2000,0,0.0321690860636893,0,0.0124056087328662,0,2.593108226802572,1.0,0.0096816244216651
1987,2014,0,-0.0230268147469592,0,0.0100428344207733,0,-2.292860141090142,1.0,0.0220693193270769
1987,2015,0,-0.0199694598069302,0,0.0098751860359384,0,-2.022185681794358,1.0,0.0434103452930348
1987,2017,0,-0.0198466805602402,0,0.0097912632002905,0,-2.0269785577463946,1.0,0.0429069586875376
1987,2019,0,-0.0212625795180034,0,0.0103237500396352,0,-2.0595790712068416,1.0,0.0397060309128591
1988,1999,0,0.026762528375823,0,0.012111240977616,0,2.2097263546556016,1.0,0.027377480189209
1988,2000,0,0.0256970296659448,0,0.0127847638341159,0,2.009972964645043,1.0,0.0447680762556723
1988,2012,0,-0.0232923488546763,0,0.0101503479880234,0,-2.2947340211546834,1.0,0.0219531514494923
1988,2014,0,-0.0294988711447046,0,0.0103630717867393,0,-2.8465373734505737,1.0,0.0045142091579814
1988,2015,0,-0.0264415162046749,0,0.010173795567115,0,-2.5989824574559344,1.0,0.009482788010725
1988,2017,0,-0.0263187369579851,0,0.0100801886126708,0,-2.6109369545826118,1.0,0.0091545539409307
1988,2018,0,-0.022915410832534,0,0.0103164619083487,0,-2.221247074444144,1.0,0.0265423394155928
1988,2019,0,-0.027734635915748,0,0.0106447284602701,0,-2.605480827365704,1.0,0.0093174201771642
1989,1994,0,-0.0252016741854294,0,0.0112348353100503,0,-2.2431725512598177,1.0,0.0251285591318148
1989,2008,0,-0.0295629921631339,0,0.0109112838125851,0,-2.709396315861174,1.0,0.0068653296527679
1989,2009,0,-0.024631394109178,0,0.010310565116055,0,-2.3889470491605977,1.0,0.0170757420363064
1989,2011,0,-0.030236988988139,0,0.010382341628087,0,-2.912347721860708,1.0,0.0036698757921965
1989,2012,0,-0.0339075992508887,0,0.0099664667043146,0,-3.4021685173753258,1.0,0.0006944390586476
1989,2014,0,-0.0401141215409175,0,0.0101743161296261,0,-3.942684798648136,1.0,8.635905642106971e-05
1989,2015,0,-0.037056766600888,0,0.0099905008111223,0,-3.7092000993216434,1.0,0.0002187918564342
1989,2017,0,-0.036933987354198,0,0.0098994664100099,0,-3.7309068816933193,1.0,0.0002005906993785
1989,2018,0,-0.0335306612287473,0,0.0101321282258919,0,-3.3093403953438063,1.0,0.0009658444060696
1989,2019,0,-0.0383498863119612,0,0.0104518475680732,0,-3.6691968632518814,1.0,0.0002565900816579
1990,2008,0,-0.0228995237094513,0,0.0110812841745244,0,-2.066504508755104,1.0,0.0390664397397471
1990,2011,0,-0.0235735205344554,0,0.0105414459075481,0,-2.236270122827815,1.0,0.0255677768195403
1990,2012,0,-0.0272441307972062,0,0.0101218757004905,0,-2.6916089076144143,1.0,0.0072297789698554
1990,2014,0,-0.0334506530872343,0,0.0103261525124134,0,-3.239411101765367,1.0,0.0012394678855014
1990,2015,0,-0.0303932981472046,0,0.0101530936577378,0,-2.9935012097560416,1.0,0.0028239813240749
1990,2017,0,-0.0302705189005146,0,0.0100665102965328,0,-3.0070518987042107,1.0,0.0026995542509055
1990,2018,0,-0.0268671927750639,0,0.0103073492563856,0,-2.6066054527471296,1.0,0.0092724294128848
1990,2019,0,-0.0316864178582775,0,0.01061466943244,0,-2.985153523616942,1.0,0.002907456707162
1991,1994,0,-0.0266338062866118,0,0.0113769641691722,0,-2.3410292843129974,1.0,0.0194332330078668
1991,2008,0,-0.030995124264316,0,0.0110545240164731,0,-2.803840691659621,1.0,0.005148407863317
1991,2009,0,-0.0260635262103592,0,0.0103800017854627,0,-2.510936582579524,1.0,0.0121839033278585
1991,2010,0,-0.0237362230382348,0,0.0116690390300597,0,-2.034119774309583,1.0,0.0422262621651248
1991,2011,0,-0.0316691210893206,0,0.0105343344630213,0,-3.006276400325869,1.0,0.0027086771380722
1991,2012,0,-0.035339731352071,0,0.0100963457666531,0,-3.500249711018552,1.0,0.0004836283106403
1991,2014,0,-0.0415462536420991,0,0.0103474567355132,0,-4.015117405565867,1.0,6.369254353625061e-05
1991,2015,0,-0.0384888987020695,0,0.0100800249455019,0,-3.818333675775718,1.0,0.0001417341919766
1991,2016,0,-0.0226074167071079,0,0.0108876343876694,0,-2.0764305543462704,1.0,0.0381007158248562
1991,2017,0,-0.0383661194553798,0,0.0099525625761211,0,-3.854898591386959,1.0,0.0001221245431343
1991,2018,0,-0.0349627933299285,0,0.0101609166769295,0,-3.440909362962469,1.0,0.0006004977999656
1991,2019,0,-0.0397820184131427,0,0.0105890806710684,0,-3.756890673411839,1.0,0.0001816386645615
1992,1999,0,0.0291200252202554,0,0.0110854952319294,0,2.626858305471212,1.0,0.0087525123094326
1992,2000,0,0.0280545265103773,0,0.0117070895986487,0,2.3963707011873647,1.0,0.0167640608373277
1992,2012,0,-0.0209348520102438,0,0.009296588764426,0,-2.251885346413549,1.0,0.0245272217495038
1992,2014,0,-0.0271413743002722,0,0.0094937101874452,0,-2.85887959126505,1.0,0.0043360555529713
1992,2015,0,-0.0240840193602425,0,0.0093157386762638,0,-2.5853043110373863,1.0,0.0098544386984003
1992,2017,0,-0.0239612401135527,0,0.0092280135605674,0,-2.596576170622708,1.0,0.0095342495834202
1992,2018,0,-0.0205579139881008,0,0.0094428291083467,0,-2.1770926649439515,1.0,0.0296748935500579
1992,2019,0,-0.0253771390713155,0,0.009749365699028,0,-2.602952833520792,1.0,0.0093740088154527
1993,1994,0,-0.0263864048889484,0,0.0111656371531811,0,-2.3631795057419462,1.0,0.0183198947434616
1993,2008,0,-0.0307477228666522,0,0.0108470534047455,0,-2.8346613332981527,1.0,0.0046823894298986
1993,2009,0,-0.0258161248126962,0,0.01021235606482,0,-2.527930347202514,1.0,0.0116153789555124
1993,2010,0,-0.0234888216405711,0,0.0114269741486059,0,-2.0555591826062405,1.0,0.0401127499544581
1993,2011,0,-0.0314217196916574,0,0.0103301888025298,0,-3.0417372123888384,1.0,0.0024126628454947
1993,2012,0,-0.0350923299544073,0,0.0099072735719486,0,-3.54207741408974,1.0,0.0004140767034567
1993,2014,0,-0.0412988522444354,0,0.0101370210205783,0,-4.074062010979151,1.0,4.978380413218618e-05
1993,2015,0,-0.0382414973044055,0,0.0099080000831991,0,-3.859658557053422,1.0,0.000120153454141
1993,2016,0,-0.022360015309445,0,0.0107048496602535,0,-2.088774342386748,1.0,0.0369764554422738
1993,2017,0,-0.0381187180577156,0,0.0097974673944778,0,-3.890670570559952,1.0,0.0001057378115952
1993,2018,0,-0.0347153919322646,0,0.0100132128334663,0,-3.4669583588833923,1.0,0.0005460636787738
1993,2019,0,-0.0395346170154796,0,0.0103903465858454,0,-3.804937274117184,1.0,0.0001503028454839
1994,1995,0,0.0261709772063401,0,0.0119193903801411,0,2.195664071037023,1.0,0.0283862204625462
1994,1996,0,0.0284536438191251,0,0.0115368182049205,0,2.466333725098432,1.0,0.0138411211236541
1994,1999,0,0.0413489521650406,0,0.011433603215343,0,3.616441062914734,1.0,0.0003146538413775
1994,2000,0,0.040283453455162,0,0.0120576391583808,0,3.340907198003386,1.0,0.000871637498245
1994,2001,0,0.0267230212672895,0,0.0114826306348982,0,2.3272560197201044,1.0,0.0201657422737775
1995,2008,0,-0.0305322951840443,0,0.0115758634994674,0,-2.637582516885144,1.0,0.0084984551033988
1995,2009,0,-0.0256006971300873,0,0.0109412063236584,0,-2.3398422781526773,1.0,0.0194918420193771
1995,2011,0,-0.0312062920090493,0,0.0110139827184017,0,-2.833334027019231,1.0,0.0047078930559347
1995,2012,0,-0.0348769022717997,0,0.0105734212762765,0,-3.2985446583928777,1.0,0.0010071778202418
1995,2014,0,-0.0410834245618277,0,0.0107922663062693,0,-3.806746738445648,1.0,0.0001501302227031
1995,2015,0,-0.0380260696217979,0,0.0106006087654645,0,-3.5871590455901083,1.0,0.0003504872849758
1995,2017,0,-0.0379032903751083,0,0.0105054757234292,0,-3.60795563884619,1.0,0.000323256385463
1995,2018,0,-0.0344999642496572,0,0.0107534586347213,0,-3.208266793184281,1.0,0.0013763320765928
1995,2019,0,-0.0393191893328714,0,0.0110883821340577,0,-3.545980726268756,1.0,0.0004109466531194
1996,2008,0,-0.0328149617968299,0,0.0112044285211992,0,-2.9287492650555693,1.0,0.0034891431724841
1996,2009,0,-0.0278833637428728,0,0.0105890795803864,0,-2.6332188299462467,1.0,0.0085875726943241
1996,2010,0,-0.0255560605707483,0,0.011769099006208,0,-2.171454293762662,1.0,0.0301801449864622
1996,2011,0,-0.0334889586218341,0,0.0106608769335981,0,-3.141294926338788,1.0,0.0017345757091614
1996,2012,0,-0.0371595688845848,0,0.0102341993350368,0,-3.630920960994844,1.0,0.0002967629320438
1996,2014,0,-0.0433660911746129,0,0.0104466891562685,0,-4.151180390831407,1.0,3.605752090439789e-05
1996,2015,0,-0.0403087362345832,0,0.0102598337403203,0,-3.928790393178915,1.0,9.108261134479104e-05
1996,2016,0,-0.0244272542396214,0,0.011089547086051,0,-2.202727852641269,1.0,0.0278552184419684
1996,2017,0,-0.0401859569878932,0,0.0101671722140987,0,-3.9525205378313273,1.0,8.240784670195563e-05
1996,2018,0,-0.0367826308624427,0,0.0104067319004197,0,-3.5345035515865453,1.0,0.0004261176764621
1996,2019,0,-0.0416018559456561,0,0.0107326222067145,0,-3.876206125994929,1.0,0.0001134366928325
1997,2008,0,-0.0251776840384158,0,0.0113617180084912,0,-2.2160102917181264,1.0,0.026942803859874
1997,2011,0,-0.0258516808634207,0,0.0108111224159757,0,-2.391211556833306,1.0,0.0169903681867983
1997,2012,0,-0.0295222911261713,0,0.0103778053062954,0,-2.844752840782469,1.0,0.0045362768485341
1997,2014,0,-0.035728813416199,0,0.0105948396945804,0,-3.3722844749104977,1.0,0.0007759488771206
1997,2015,0,-0.0326714584761695,0,0.0104022450104802,0,-3.140808396961728,1.0,0.0017334183264035
1997,2017,0,-0.0325486792294792,0,0.0103069385651109,0,-3.157938608429933,1.0,0.001633744845487
1997,2018,0,-0.0291453531040284,0,0.0105488269914705,0,-2.7628999060838213,1.0,0.0058287420408149
1997,2019,0,-0.0339645781872423,0,0.0108832756575578,0,-3.120804733421951,1.0,0.0018589258092345
1998,1999,0,0.0326140884818371,0,0.011548885412851,0,2.8240031237599688,1.0,0.0048496771083757
1998,2000,0,0.0315485897719588,0,0.0121089996093859,0,2.6053836641884724,1.0,0.009349169207869
1998,2014,0,-0.0236473110386906,0,0.0097558741550646,0,-2.4239048867204085,1.0,0.0155410307299347
1998,2015,0,-0.0205899560986609,0,0.0096498450220753,0,-2.133708474235453,1.0,0.033103078373928
1998,2017,0,-0.0204671768519709,0,0.0095926452279784,0,-2.1336322115067,1.0,0.0330998322658147
1998,2019,0,-0.0218830758097338,0,0.0100575566530295,0,-2.1757844936565296,1.0,0.0298188073755227
1999,2002,0,-0.0264487898885644,0,0.0115754254387076,0,-2.284908665224602,1.0,0.022540931167439
1999,2003,0,-0.0254401636144334,0,0.0116375658413928,0,-2.1860382111821868,1.0,0.0290588559654095
1999,2004,0,-0.0249610011529359,0,0.0116474714744009,0,-2.1430403335003363,1.0,0.032363595750907
1999,2005,0,-0.0274358803375963,0,0.0120066428764618,0,-2.285058414736602,1.0,0.0225387310237075
1999,2006,0,-0.0267108770843321,0,0.0111511691759079,0,-2.395343184465432,1.0,0.0167884527186874
1999,2007,0,-0.0288488955950634,0,0.0114206272245075,0,-2.526034256083283,1.0,0.0117004992230758
1999,2008,0,-0.045710270142745,0,0.0111079758535104,0,-4.115085479619512,1.0,4.2026908117417046e-05
1999,2009,0,-0.0407786720887873,0,0.0104501651064761,0,-3.902203618152984,1.0,0.0001012910722882
1999,2010,0,-0.0384513689166636,0,0.0117085234408956,0,-3.284049360345515,1.0,0.0010632881158054
1999,2011,0,-0.0463842669677488,0,0.0105805148568548,0,-4.383932879948436,1.0,1.288679151691565e-05
1999,2012,0,-0.0500548772304994,0,0.0101454364829,0,-4.933733242021296,1.0,9.364334897734524e-07
1999,2013,0,-0.0339142304687649,0,0.0108933333467935,0,-3.1133014467741003,1.0,0.0019011116637509
1999,2014,0,-0.056261399520528,0,0.0103855197045183,0,-5.417292646033979,1.0,7.569399337646141e-08
1999,2015,0,-0.0532040445804982,0,0.0101413586781592,0,-5.246244242902117,1.0,1.8652701988345208e-07
1999,2016,0,-0.0373225625855366,0,0.01095613733579,0,-3.4065438796222884,1.0,0.0006840181160258
1999,2017,0,-0.053081265333808,0,0.0100239815612803,0,-5.295427272017854,1.0,1.4261500741022934e-07
1999,2018,0,-0.0496779392083574,0,0.0102416741998149,0,-4.850568201950348,1.0,1.4044355524966743e-06
1999,2019,0,-0.0544971642915714,0,0.0106402655275261,0,-5.121786119959909,1.0,3.627542303728289e-07
2000,2002,0,-0.025383291178686,0,0.0122260556560062,0,-2.0761635553504174,1.0,0.0381795844504829
2000,2003,0,-0.0243746649045557,0,0.012302621791158,0,-1.9812577610143205,1.0,0.0478838624325674
2000,2005,0,-0.0263703816277174,0,0.0126905430171674,0,-2.0779553398183386,1.0,0.0380236786233122
2000,2006,0,-0.025645378374453,0,0.0118057325231689,0,-2.1722818405485294,1.0,0.0300925184045694
2000,2007,0,-0.0277833968851853,0,0.0120382274349022,0,-2.307930883963309,1.0,0.0212442815030196
2000,2008,0,-0.044644771432866,0,0.0117107549053635,0,-3.8122880884834136,1.0,0.0001473823188586
2000,2009,0,-0.0397131733789088,0,0.0110606681435047,0,-3.5904859330066823,1.0,0.0003464667373472
2000,2010,0,-0.0373858702067851,0,0.012306890560494,0,-3.037799842536693,1.0,0.0024606720449173
2000,2011,0,-0.0453187682578713,0,0.0111442312211911,0,-4.066567478579954,1.0,5.1833057865836014e-05
2000,2012,0,-0.0489893785206209,0,0.0106964933630432,0,-4.579947545228297,1.0,5.256644112710299e-06
2000,2013,0,-0.0328487317588871,0,0.01154068678772,0,-2.8463411548297253,1.0,0.0045185833599427
2000,2014,0,-0.0551959008106489,0,0.0109228482758259,0,-5.053251626025634,1.0,5.241162605878732e-07
2000,2015,0,-0.0521385458706195,0,0.0107190451214872,0,-4.8641035912894175,1.0,1.3352705074458197e-06
2000,2016,0,-0.0362570638756587,0,0.0115852072316659,0,-3.1295999416011204,1.0,0.0018059872624739
2000,2017,0,-0.0520157666239301,0,0.0106185269814171,0,-4.898585906968064,1.0,1.1186045683163192e-06
2000,2018,0,-0.0486124404984789,0,0.0108660923711217,0,-4.473773904929593,1.0,8.536227814730621e-06
2000,2019,0,-0.0534316655816927,0,0.0112175851071328,0,-4.763205723103226,1.0,2.214673227460883e-06
2001,2008,0,-0.0310843392449942,0,0.0111554752885896,0,-2.786464802336912,1.0,0.0054343512991042
2001,2009,0,-0.0261527411910373,0,0.0104964748946828,0,-2.491573738178079,1.0,0.0128696974744259
2001,2010,0,-0.0238254380189129,0,0.0117572128709934,0,-2.026452891543144,1.0,0.0430188782165544
2001,2011,0,-0.031758336069999,0,0.0106253665017767,0,-2.98891676486532,1.0,0.0028684797767644
2001,2012,0,-0.0354289463327494,0,0.0101888350881301,0,-3.4772322867433245,1.0,0.000527321868884
2001,2014,0,-0.0416354686227769,0,0.0104289468741905,0,-3.992298467433553,1.0,7.021664121648133e-05
2001,2015,0,-0.0385781136827474,0,0.010185744754872,0,-3.7874612619067256,1.0,0.0001605773812727
2001,2016,0,-0.0226966316877864,0,0.011004279257838,0,-2.062527781782745,1.0,0.0394161001727256
2001,2017,0,-0.0384553344360584,0,0.0100687366722269,0,-3.81928097713902,1.0,0.0001411580700384
2001,2018,0,-0.0350520083106063,0,0.010288039474389,0,-3.407063940400355,1.0,0.0006800412462597
2001,2019,0,-0.0398712333938207,0,0.0106857600038678,0,-3.731249193261749,1.0,0.0002012808229334
2002,2011,0,-0.0199354770791848,0,0.0101156888069193,0,-1.970748355321932,1.0,0.049029248575972
2002,2012,0,-0.0236060873419348,0,0.0097089094489129,0,-2.4313840257906496,1.0,0.0152072371273211
2002,2014,0,-0.029812609631963,0,0.0099154465069664,0,-3.0066835226247384,1.0,0.0027070112162046
2002,2015,0,-0.0267552546919336,0,0.009728254564318,0,-2.750262600042193,1.0,0.0060540362563899
2002,2017,0,-0.0266324754452438,0,0.0096360651277005,0,-2.763833067989984,1.0,0.005805915243419
2002,2018,0,-0.0232291493197921,0,0.0098599859318288,0,-2.3559008583173,1.0,0.0186497523459964
2002,2019,0,-0.0280483744030062,0,0.0101818243860513,0,-2.754749378847209,1.0,0.0059804417885122
2003,2011,0,-0.0209441033533157,0,0.0101841231699204,0,-2.0565445845328862,1.0,0.03998933587164
2003,2012,0,-0.024614713616066,0,0.0097726898472152,0,-2.518724527319363,1.0,0.0119249003876324
2003,2014,0,-0.0308212359060937,0,0.0099853926913635,0,-3.086632329718133,1.0,0.0020798332346678
2003,2015,0,-0.0277638809660645,0,0.0097873546821993,0,-2.8367093936587358,1.0,0.0046429007534686
2003,2017,0,-0.0276411017193746,0,0.0096904033850153,0,-2.852420133729129,1.0,0.0044179704892463
2003,2018,0,-0.0242377755939225,0,0.0099125794641688,0,-2.4451532198592045,1.0,0.014632138935985
2003,2019,0,-0.0290570006771375,0,0.0102488384841485,0,-2.8351506097084886,1.0,0.0046725243269165
2004,2011,0,-0.0214232658148134,0,0.0102095462649532,0,-2.098356308776817,1.0,0.0361220732373346
2004,2012,0,-0.025093876077564,0,0.0097948430530656,0,-2.561947745524105,1.0,0.0105453792117376
2004,2014,0,-0.0313003983675917,0,0.0100137068660087,0,-3.1257554057069576,1.0,0.0018239390098729
2004,2015,0,-0.0282430434275626,0,0.0098038557120504,0,-2.880809781079046,1.0,0.0040439607259218
2004,2017,0,-0.0281202641808721,0,0.0097017653615883,0,-2.8984687974631176,1.0,0.0038218874455755
2004,2018,0,-0.0247169380554211,0,0.0099206333931834,0,-2.491467739590527,1.0,0.0128642227461144
2004,2019,0,-0.0295361631386353,0,0.0102722158040921,0,-2.8753448819551823,1.0,0.0041205388859943
2005,2012,0,-0.0226189968929036,0,0.0100800502114707,0,-2.24393692673912,1.0,0.0250490602373686
2005,2014,0,-0.0288255191829309,0,0.0102984427386124,0,-2.7990172800450748,1.0,0.0052269636992217
2005,2015,0,-0.0257681642429023,0,0.0100961911860782,0,-2.552265876109238,1.0,0.0108424553943601
2005,2017,0,-0.0256453849962118,0,0.0099970618316172,0,-2.565292225672176,1.0,0.0104407979929496
2005,2018,0,-0.0222420588707614,0,0.0102269169541421,0,-2.174854745618409,1.0,0.0298552536513559
2005,2019,0,-0.027061283953975,0,0.0105711791438174,0,-2.5599115846789644,1.0,0.0106201302680972
2006,2011,0,-0.0196733898834181,0,0.0097810606988129,0,-2.011375912001622,1.0,0.0445394729570614
2006,2012,0,-0.0233440001461677,0,0.0093829344430846,0,-2.4879210536712977,1.0,0.0129946943584125
2006,2014,0,-0.0295505224361956,0,0.0095947543343423,0,-3.0798623296092007,1.0,0.0021241935797107
2006,2015,0,-0.0264931674961665,0,0.0093893856670886,0,-2.821608189876524,1.0,0.0048611629197234
2006,2017,0,-0.0263703882494768,0,0.0092897069285546,0,-2.838667403857447,1.0,0.0046075621104994
2006,2018,0,-0.0229670621240254,0,0.0094978908561688,0,-2.4181223465110966,1.0,0.0157517476873166
2006,2019,0,-0.0277862872072396,0,0.0098402488655039,0,-2.823738259775874,1.0,0.0048356961828309
2007,2012,0,-0.0212059816354359,0,0.0095531217860293,0,-2.219796011231429,1.0,0.0266460105603948
2007,2014,0,-0.0274125039254636,0,0.0097456092812759,0,-2.81280555522892,1.0,0.0050075814978262
2007,2015,0,-0.0243551489854338,0,0.0095828704074524,0,-2.541529620028378,1.0,0.0111761453536899
2007,2017,0,-0.024232369738745,0,0.0095014092115105,0,-2.550397440980507,1.0,0.0108922121918245
2007,2018,0,-0.0208290436132934,0,0.0097288845269262,0,-2.1409487958918323,1.0,0.0324948966317424
2007,2019,0,-0.0256482686965077,0,0.0100181633818388,0,-2.560176722911469,1.0,0.0106087527891396
2013,2014,0,-0.0223471690517623,0,0.0093851349614113,0,-2.381123888324101,1.0,0.0174300844213969
2013,2015,0,-0.0192898141117325,0,0.0091773778042833,0,-2.101887328069847,1.0,0.0357755781400731
2013,2017,0,-0.0191670348650427,0,0.0090768985241444,0,-2.111628197016712,1.0,0.034921579754961
2013,2019,0,-0.0205829338228062,0,0.0096217806771959,0,-2.139202140783434,1.0,0.0326405497979915
2014,2016,0,0.0189388369349903,0,0.0094055442540193,0,2.013582247183305,1.0,0.044303871016951
